{
  "manifest.json": 1748372422045,
  "controller/App.controller.js": 1748367597827,
  "model/formatter.js": 1748367597835,
  "controller/User.controller.js": 1748367597827,
  "controller/HomePage.controller.js": 1748367597827,
  "model/models.js": 1748367597835,
  "i18n/i18n.properties": 1748367597827,
  "Component.js": 1748367597827,
  "model/models-dbg.js": 1748367597835,
  "model/models.js.map": 1748372422159,
  "model/formatter-dbg.js": 1748367597835,
  "model/formatter.js.map": 1748372422152,
  "controller/User-dbg.controller.js": 1748367597827,
  "controller/User.controller.js.map": 1748372422158,
  "controller/HomePage-dbg.controller.js": 1748367597827,
  "controller/HomePage.controller.js.map": 1748372422168,
  "controller/App-dbg.controller.js": 1748367597827,
  "controller/App.controller.js.map": 1748372422158,
  "Component-dbg.js": 1748367597827,
  "Component.js.map": 1748372422160,
  "Component-preload.js": 1748372422241,
  "Component-preload.js.map": 1748372422241,
  "view/User.view.xml": 1748367597835,
  "view/RegisterDialog.fragment.xml": 1748367597835,
  "view/LoginDialog.fragment.xml": 1748367597835,
  "view/HomePage.view.xml": 1748367597835,
  "view/App.view.xml": 1748367597835,
  "images/image6.png": 1748367597835,
  "images/image5.png": 1748367597827,
  "images/image4.png": 1748367597827,
  "images/image3.png": 1748367597827,
  "images/image2.png": 1748367597827,
  "images/image1.png": 1748367597827,
  "css/style.css": 1748367597827,
  "index.html": 1748367597835
}