{
  "model/formatter.js": 1762078686400,
  "controller/App.controller.js": 1762078686392,
  "i18n/i18n.properties": 1762078686392,
  "controller/User.controller.js": 1762078686392,
  "controller/HomePage.controller.js": 1762078686392,
  "model/models.js": 1762078686400,
  "manifest.json": 1762778163878,
  "Component.js": 1762078686392,
  "controller/User-dbg.controller.js": 1762078686392,
  "controller/User.controller.js.map": 1762778164004,
  "model/formatter-dbg.js": 1762078686400,
  "model/formatter.js.map": 1762778163998,
  "controller/App-dbg.controller.js": 1762078686392,
  "controller/App.controller.js.map": 1762778164005,
  "controller/HomePage-dbg.controller.js": 1762078686392,
  "controller/HomePage.controller.js.map": 1762778164020,
  "model/models-dbg.js": 1762078686400,
  "model/models.js.map": 1762778164004,
  "Component-dbg.js": 1762078686392,
  "Component.js.map": 1762778164007,
  "Component-preload.js": 1762778164093,
  "Component-preload.js.map": 1762778164093,
  "view/User.view.xml": 1762078686400,
  "view/RegisterDialog.fragment.xml": 1762078686400,
  "view/LoginDialog.fragment.xml": 1762078686400,
  "view/HomePage.view.xml": 1762078686400,
  "view/App.view.xml": 1762078686400,
  "images/image6.png": 1762078686400,
  "images/image5.png": 1762078686392,
  "images/image4.png": 1762078686392,
  "images/image3.png": 1762078686392,
  "images/image2.png": 1762078686392,
  "images/image1.png": 1762078686392,
  "css/style.css": 1762078686392,
  "index.html": 1762078686400
}